_id,,Códigodo fundo,Setor,Preço Atual,Liquidez Diária,Dividendo,DividendYield,DY (3M)Acumulado,DY (6M)Acumulado,DY (12M)Acumulado,DY (3M)Média,DY (6M)Média,DY (12M)Média,Variação Preço,Rentab.Período,Rentab.Acumulada,Rentab. Patr,PatrimônioLíq.,VPA,P/VPA,VacânciaFísica,QuantidadeAtivos
63137055d2449664b675fdd0,0,FIVN11,Shoppings,"R$ 2,62",68087,"R$ 0,00","0,00%","0,00%","0,00%","0,00%","0,00%","0,00%","0,00%","0,00%","0,00%","0,00%",[object Object],"R$ 65.531.708,68","R$ 6,96",38,"56,00%",1
63137055d2449664b675fdd1,1,BZLI11,Títulos e Val. Mob.,"R$ 14,70",44041,"R$ 0,00","0,00%","0,00%","0,00%","0,00%","0,00%","0,00%","0,00%","0,68%","0,68%","1,14%",[object Object],"R$ 439.856.409,07","R$ 10,80",136,,0
63137055d2449664b675fdd2,2,XTED11,Lajes Corporativas,"R$ 6,40",6936,"R$ 0,00","0,00%","0,00%","0,00%","0,00%","0,00%","0,00%","0,00%","1,10%","1,10%","-37,83%",[object Object],"R$ 27.172.278,20","R$ 13,83",46,"0,00%",1
63137055d2449664b675fdd3,3,ALMI11,Lajes Corporativas,"R$ 850,00",32,"R$ 0,00","0,00%","0,00%","0,00%","0,00%","0,00%","0,00%","0,00%","2,27%","2,27%","-28,29%",[object Object],"R$ 249.878.508,15","R$ 2.247,57",38,"64,05%",1
63137055d2449664b675fdd4,4,PABY11,Híbrido,"R$ 9,58",213,"R$ 0,00","0,00%","0,00%","0,00%","0,00%","0,00%","0,00%","0,00%","-19,84%","-19,84%","-31,62%",[object Object],"R$ -10.622.559,80","R$ -14,01",-68,,1
63137055d2449664b675fdd5,5,ORPD11,Títulos e Val. Mob.,"R$ 93,00",3,"R$ 1,38",,,,,,,,,,,[object Object],"R$ 43.445.940,90","R$ 149,81",62,,0
63137055d2449664b675fdd6,6,FISC11,Lajes Corporativas,"R$ 165,00",200,"R$ 0,22","0,00%","0,00%","0,00%","0,00%","0,00%","0,00%","0,00%","0,00%","0,00%","0,00%",[object Object],"R$ 195.700.769,40","R$ 115,12",143,,0
63137055d2449664b675fdd7,7,ATSA11,Shoppings,"R$ 84,84",116,"R$ 0,25","0,18%","0,59%","1,30%","2,97%","0,20%","0,22%","0,25%","0,74%","0,92%","1,10%",[object Object],"R$ 157.482.761,24","R$ 89,93",94,"21,90%",1
63137055d2449664b675fdd8,8,CXTL11,Logística,"R$ 351,00",18,"R$ 0,48","0,16%","0,67%","1,29%","0,00%","0,22%","0,22%","0,00%","-6,12%","-5,97%","-5,73%",[object Object],"R$ 37.634.810,74","R$ 702,18",50,"61,00%",3
63137055d2449664b675fdd9,9,HTMX11,Hotel,"R$ 110,01",2690,"R$ 0,00","0,00%","0,80%","2,20%","5,41%","0,27%","0,37%","0,45%","-28,14%","-28,14%","-32,26%",[object Object],"R$ 164.192.001,82","R$ 130,62",84,"65,00%",23
63137055d2449664b675fdda,10,GSFI11,Shoppings,"R$ 4,51",4247,"R$ 0,00","0,03%","0,03%","0,03%","0,03%","0,01%","0,00%","0,00%","0,00%","0,03%","0,03%",[object Object],"R$ 1.001.230.351,68","R$ 13,31",34,"10,30%",10
63137055d2449664b675fddb,11,NEWU11,Lajes Corporativas,"R$ 33,85",736,"R$ 0,00","0,00%","0,00%","0,56%","16,63%","0,00%","0,09%","1,39%","-4,04%","-4,04%","-31,62%",[object Object],"R$ 48.010.260,81","R$ 64,70",52,"63,20%",3
63137055d2449664b675fddc,12,PRSV11,Lajes Corporativas,"R$ 115,00",276,"R$ 1,62","0,42%","1,53%","2,91%","5,95%","0,51%","0,48%","0,50%","5,30%","5,74%","-11,25%",[object Object],"R$ 47.475.350,20","R$ 243,46",47,"40,90%",2
63137055d2449664b675fddd,13,FAMB11B,Lajes Corporativas,"R$ 790,00",12,"R$ 9,16","0,56%","2,17%","4,78%","10,43%","0,72%","0,80%","0,87%","-47,80%","-47,51%","-47,80%",[object Object],"R$ 322.048.422,38","R$ 3.072,98",26,"100,00%",1
63137055d2449664b675fdde,14,FMOF11,Lajes Corporativas,"R$ 62,01",34,"R$ 0,64",,,,,,,,,,,[object Object],"R$ 62.318.640,77","R$ 122,67",51,"52,08%",1
63137055d2449664b675fddf,15,HGRS11,Residencial,,,"R$ 0,00","0,00%","0,00%","0,00%","0,00%","0,00%","0,00%","0,00%","0,00%","0,00%","0,00%",[object Object],"R$ 151.091.806,51","R$ 101,20",,,0
63137055d2449664b675fde0,16,KNRE11,Residencial,"R$ 0,93",2991,"R$ 0,00","0,00%","0,00%","0,00%","0,00%","0,00%","0,00%","0,00%","0,00%","0,00%","0,00%",[object Object],"R$ 21.319.344,49","R$ 1,15",81,,0
63137055d2449664b675fde1,17,RBDS11,Residencial,"R$ 3,74",73,"R$ 0,00","0,00%","0,00%","0,00%","0,00%","0,00%","0,00%","0,00%","0,00%","0,00%","0,00%",[object Object],"R$ 2.801.649,45","R$ 22,14",17,,0
63137055d2449664b675fde2,18,WTSP11B,Híbrido,"R$ 35,06",22,"R$ 0,32","0,76%","2,57%","4,67%","6,85%","0,86%","0,78%","0,57%","0,00%","0,76%","0,76%",[object Object],"R$ 81.474.663,30","R$ 82,08",43,,0
63137055d2449664b675fde3,19,OULG11,Outros,"R$ 42,41",825,"R$ 0,17","0,38%","1,14%","3,40%","8,03%","0,38%","0,57%","0,67%","3,09%","3,48%","-3,91%",[object Object],"R$ 180.654.620,72","R$ 72,81",58,"0,00%",2
63137055d2449664b675fde4,20,VXXV11,Outros,"R$ 910,00",5495,"R$ 10,76",,,,,,,,,,,[object Object],"R$ 215.180.987,40","R$ 814,46",112,,0
63137055d2449664b675fde5,21,BICE11,Títulos e Val. Mob.,"R$ 1.000,00",24,"R$ 5,40","0,00%","0,00%","0,00%","0,00%","0,00%","0,00%","0,00%","0,00%","0,00%","0,00%",[object Object],"R$ 20.825.253,17","R$ 988,34",101,,0
63137055d2449664b675fde6,22,HRDF11,Híbrido,"R$ 1,07",2507,"R$ 6,80",,,,,,,,,,,[object Object],"R$ 8.696.803,65","R$ 1,15",93,,0
63137055d2449664b675fde7,23,CJCT11,Lajes Corporativas,"R$ 81,89",1539,"R$ 0,00",,,,,,,,,,,[object Object],"R$ 185.924.372,71","R$ 64,78",126,"59,00%",1
63137055d2449664b675fde8,24,LFTT11,Residencial,"R$ 94,00",2,"R$ 0,75",,,,,,,,,,,,"R$ 387.300.227,89","R$ 53,02",177,,0
63137055d2449664b675fde9,25,HCRI11,Hospital,"R$ 240,98",123,"R$ 2,49","0,88%","2,36%","4,77%","9,33%","0,79%","0,80%","0,78%","-18,08%","-17,35%","-16,74%",[object Object],"R$ 51.810.193,32","R$ 259,05",93,"0,00%",1
63137055d2449664b675fdea,26,DRIT11B,Lajes Corporativas,"R$ 86,00",41,"R$ 0,33","0,28%","0,80%","0,00%","0,00%","0,27%","0,00%","0,00%","5,78%","6,07%","-7,42%",[object Object],"R$ 58.069.142,62","R$ 125,34",69,"10,47%",6
63137055d2449664b675fdeb,27,CTXT11,Lajes Corporativas,"R$ 12,63",134,"R$ 0,09","0,39%","0,78%","1,36%","5,53%","0,26%","0,23%","0,46%","-2,58%","-2,20%","-39,31%",[object Object],"R$ 116.560.622,53","R$ 40,15",31,"97,00%",1
63137055d2449664b675fdec,28,GESE11B,Outros,"R$ 1.520,00",300,"R$ 12,60","0,00%","0,00%","0,00%","0,00%","0,00%","0,00%","0,00%","0,00%","0,00%","0,00%",[object Object],"R$ 86.540.717,02","R$ 1.664,24",91,,0
63137055d2449664b675fded,29,SRVD11,Títulos e Val. Mob.,"R$ 7,10",47,"R$ 0,10","1,01%","0,00%","0,00%","0,00%","0,00%","0,00%","0,00%","0,00%","1,01%","1,01%",[object Object],"R$ 71.733.167,06","R$ 0,75",953,,0
63137055d2449664b675fdee,30,RBIR11,Residencial,"R$ 69,20",4639,"R$ 0,00","0,00%","0,00%","0,00%","0,00%","0,00%","0,00%","0,00%","0,00%","0,00%","0,00%",[object Object],"R$ 146.657.061,56","R$ 95,94",72,,0
63137055d2449664b675fdef,31,CARE11,Híbrido,"R$ 4,07",6878,"R$ 0,00","0,23%","0,66%","1,36%","1,60%","0,22%","0,23%","0,13%","-2,63%","-2,41%","5,65%",[object Object],"R$ 293.084.042,50","R$ 8,19",50,,0
63137055d2449664b675fdf0,32,CXAG11,Outros,"R$ 79,99",2252,"R$ 0,75","0,96%","0,00%","0,00%","0,00%","0,00%","0,00%","0,00%","0,65%","1,62%","6,33%",[object Object],"R$ 239.969.301,40","R$ 114,78",70,,0
63137055d2449664b675fdf1,33,VJFD11,Híbrido,,,"R$ 0,86","0,00%","0,00%","0,00%","0,00%","0,00%","0,00%","0,00%","0,00%","0,00%","0,00%",[object Object],"R$ 646.731.025,31","R$ 132,63",,,0
63137055d2449664b675fdf2,34,RBGS11,Shoppings,"R$ 28,45",5157,"R$ 0,18","0,62%","1,59%","2,73%","5,12%","0,53%","0,46%","0,43%","-1,90%","-1,29%","-28,71%",,"R$ 97.865.283,71","R$ 90,78",31,"13,00%",1
63137055d2449664b675fdf3,35,YUFI11B,Residencial,,,"R$ 0,60","0,00%","0,00%","0,00%","0,00%","0,00%","0,00%","0,00%","0,00%","0,00%","0,00%",,"R$ 41.706.771,81","R$ 105,55",,,0
63137055d2449664b675fdf4,36,BPML11,Shoppings,"R$ 63,26",56,"R$ 0,15","0,23%","0,95%","2,59%","0,00%","0,32%","0,43%","0,00%","-7,36%","-7,14%","1,82%",[object Object],"R$ 540.961.727,13","R$ 125,66",50,"5,80%",7
63137055d2449664b675fdf5,37,TORD11,Outros,"R$ 8,07",64859,"R$ 0,17","1,94%","3,98%","6,33%","12,27%","1,33%","1,06%","1,02%","-6,41%","-4,59%","-3,33%",[object Object],"R$ 494.592.924,55","R$ 14,11",57,,0
63137055d2449664b675fdf6,38,EVBI11,Híbrido,"R$ 98,72",11,"R$ 0,75","0,77%","2,28%","4,69%","9,08%","0,76%","0,78%","0,76%","-1,00%","-0,24%","10,29%",[object Object],"R$ 139.260.195,05","R$ 99,63",99,"0,00%",4
63137055d2449664b675fdf7,39,BBPO11,Lajes Corporativas,"R$ 89,94",16147,"R$ 0,92","1,16%","3,33%","6,35%","11,76%","1,11%","1,06%","0,98%","-1,06%","0,09%","-9,02%",,"R$ 1.593.557.059,28","R$ 100,10",90,"0,00%",64
63137055d2449664b675fdf8,40,EDFO11B,Lajes Corporativas,"R$ 206,79",1,"R$ 1,68","0,88%","2,44%","4,56%","8,36%","0,81%","0,76%","0,70%","-5,48%","-4,65%","-6,92%",,"R$ 45.703.432,14","R$ 193,66",107,"7,10%",1
63137055d2449664b675fdf9,41,VOTS11,Títulos e Val. Mob.,"R$ 88,89",86,"R$ 1,15","1,28%","4,21%","8,26%","13,11%","1,40%","1,38%","1,09%","0,11%","1,39%","17,43%",,"R$ 78.264.582,86","R$ 94,53",94,,0
63137055d2449664b675fdfa,42,BBIM11,Títulos e Val. Mob.,,,"R$ 0,18","0,00%","0,00%","0,00%","0,00%","0,00%","0,00%","0,00%","0,00%","0,00%","0,00%",,"R$ 44.788.663,66","R$ 43,27",,,0
63137055d2449664b675fdfb,43,RBHY11,Títulos e Val. Mob.,"R$ 97,00",1853,"R$ 1,45","1,47%","4,48%","8,35%","16,32%","1,49%","1,39%","1,36%","-0,68%","0,79%","5,08%",,"R$ 183.783.821,03","R$ 97,06",100,,0
63137055d2449664b675fdfc,44,KNIP11,Títulos e Val. Mob.,"R$ 94,43",89393,"R$ 1,04","1,07%","4,21%","8,25%","16,08%","1,40%","1,37%","1,34%","-4,25%","-3,22%","2,44%",,"R$ 7.610.256.433,21","R$ 94,80",100,,0
63137055d2449664b675fdfd,45,KNHY11,Títulos e Val. Mob.,"R$ 97,84",33006,"R$ 1,16","1,18%","4,08%","7,81%","15,33%","1,36%","1,30%","1,28%","-5,72%","-4,61%","0,36%",,"R$ 1.785.396.476,42","R$ 96,56",101,,0
63137055d2449664b675fdfe,46,KNRI11,Híbrido,"R$ 153,70",19842,"R$ 0,91","0,67%","1,94%","3,76%","7,20%","0,65%","0,63%","0,60%","3,44%","4,13%","7,27%",,"R$ 3.860.148.592,90","R$ 159,79",96,"2,00%",20
63137055d2449664b675fdff,47,KINP11,Residencial,"R$ 14,00",14137,"R$ 0,27","2,04%","7,29%","13,22%","0,00%","2,43%","2,20%","0,00%","0,00%","2,04%","2,81%",,"R$ 42.851.422,47","R$ 5,99",234,,0
63137055d2449664b675fe00,48,VCJR11,Títulos e Val. Mob.,"R$ 91,38",13618,"R$ 1,00","1,07%","4,14%","7,91%","15,83%","1,38%","1,32%","1,32%","-8,03%","-7,04%","4,14%",,"R$ 1.377.026.269,06","R$ 93,52",98,,0
63137055d2449664b675fe01,49,JGPX11,Híbrido,"R$ 98,20",1508,"R$ 0,98","0,99%","3,43%","7,01%","0,00%","1,14%","1,17%","0,00%","-0,20%","0,79%","10,18%",,"R$ 81.070.456,27","R$ 95,59",103,,0
63137055d2449664b675fe02,50,BARI11,Títulos e Val. Mob.,"R$ 98,99",20137,"R$ 1,40","1,40%","4,32%","7,73%","14,54%","1,44%","1,29%","1,21%","-0,65%","0,73%","4,36%",,"R$ 473.301.722,34","R$ 102,13",97,,0
63137055d2449664b675fe03,51,HGRU11,Híbrido,"R$ 125,04",25914,"R$ 0,82","0,69%","2,39%","4,51%","8,38%","0,80%","0,75%","0,70%","0,60%","1,29%","9,50%",,"R$ 2.176.483.482,74","R$ 118,25",106,"0,00%",17
63137055d2449664b675fe04,52,ARRI11,Títulos e Val. Mob.,"R$ 9,37",23520,"R$ 1,31","1,43%","4,11%","8,05%","16,20%","1,37%","1,34%","1,35%","-5,53%","-4,18%","-0,02%",,"R$ 108.835.561,27","R$ 92,37",10,,0
63137055d2449664b675fe05,53,JSAF11,Títulos e Val. Mob.,"R$ 86,90",4717,"R$ 0,93","1,16%","3,40%","6,70%","0,00%","1,13%","1,12%","0,00%","-2,22%","-1,08%","4,54%",,"R$ 151.169.267,42","R$ 96,10",90,,0
63137055d2449664b675fe06,54,XPSF11,Outros,"R$ 7,77",79903,"R$ 0,07","0,99%","2,94%","5,73%","10,95%","0,98%","0,96%","0,91%","1,27%","2,27%","-90,34%",,"R$ 368.560.312,64","R$ 8,51",91,,0
63137055d2449664b675fe07,55,JSRE11,Híbrido,"R$ 87,58",62150,"R$ 0,49","0,65%","1,92%","3,91%","8,01%","0,64%","0,65%","0,67%","-0,32%","0,33%","-0,54%",,"R$ 2.356.969.687,19","R$ 113,49",77,"14,80%",5
63137055d2449664b675fe08,56,ITIT11,Títulos e Val. Mob.,"R$ 72,48",1181,"R$ 0,62","0,87%","2,36%","4,70%","8,81%","0,79%","0,78%","0,73%","-1,31%","-0,44%","3,63%",,"R$ 69.574.525,62","R$ 77,26",94,,0
63137055d2449664b675fe09,57,ITIP11,Títulos e Val. Mob.,"R$ 81,23",820,"R$ 1,02","1,26%","3,73%","7,24%","13,85%","1,24%","1,21%","1,15%","-3,24%","-2,02%","8,23%",,"R$ 64.144.364,89","R$ 85,74",95,,0
63137055d2449664b675fe0a,58,HOSI11,Híbrido,"R$ 65,90",36,"R$ 0,56","0,85%","1,68%","3,17%","6,98%","0,56%","0,53%","0,58%","-5,01%","-4,20%","-6,21%",,"R$ 52.936.715,00","R$ 92,31",71,,2
63137055d2449664b675fe0b,59,CACR11,Híbrido,"R$ 101,28",2264,"R$ 1,52","1,56%","3,17%","7,26%","14,94%","1,06%","1,21%","1,24%","-6,48%","-5,02%","-0,88%",,"R$ 186.160.308,80","R$ 103,00",98,,0
63137055d2449664b675fe0c,60,BPFF11,Títulos e Val. Mob.,"R$ 70,18",2980,"R$ 0,75","1,14%","3,54%","6,40%","11,54%","1,18%","1,07%","0,96%","3,12%","4,29%","3,06%",,"R$ 341.048.446,43","R$ 75,92",92,,0
63137055d2449664b675fe0d,61,LUGG11,Residencial,"R$ 78,50",1281,"R$ 0,56","0,70%","2,06%","4,19%","7,70%","0,69%","0,70%","0,64%","-2,32%","-1,63%","-3,20%",,"R$ 115.057.914,84","R$ 127,84",61,"2,40%",4
63137055d2449664b675fe0e,62,URPR11,Outros,"R$ 103,57",35554,"R$ 1,20","1,10%","4,56%","9,09%","18,27%","1,52%","1,51%","1,52%","-2,71%","-1,64%","0,46%",,"R$ 989.467.692,31","R$ 100,37",103,,0
63137055d2449664b675fe0f,63,HGIC11,Títulos e Val. Mob.,"R$ 109,50",79,"R$ 1,01","0,95%","2,90%","5,75%","11,44%","0,97%","0,96%","0,95%","-5,15%","-4,25%","6,58%",,"R$ 34.174.234,59","R$ 118,50",92,,0
63137055d2449664b675fe10,64,SPVJ11,Outros,,,"R$ 0,68","0,00%","0,00%","0,00%","0,00%","0,00%","0,00%","0,00%","0,00%","0,00%","0,00%",,"R$ 677.158.890,81","R$ 107,28",,,0
63137055d2449664b675fe11,65,SPTW11,Lajes Corporativas,"R$ 43,17",2769,"R$ 0,40","0,96%","2,81%","5,51%","12,28%","0,94%","0,92%","1,02%","-3,38%","-2,44%","-2,39%",,"R$ 95.270.420,26","R$ 52,99",81,"0,00%",1
63137055d2449664b675fe12,66,PATL11,Híbrido,"R$ 78,30",67472,"R$ 0,58","0,79%","2,30%","4,56%","9,41%","0,77%","0,76%","0,78%","-5,48%","-4,73%","1,88%",,"R$ 488.059.611,03","R$ 97,78",80,"0,00%",4
63137055d2449664b675fe13,67,QAMI11,Híbrido,"R$ 87,55",227,"R$ 1,00","1,14%","4,22%","7,87%","16,30%","1,41%","1,31%","1,36%","-4,46%","-3,37%","-2,77%",,"R$ 73.835.103,76","R$ 92,13",95,,0
63137055d2449664b675fe14,68,PLCR11,Híbrido,"R$ 85,25",2018,"R$ 1,19","1,44%","4,11%","7,74%","14,30%","1,37%","1,29%","1,19%","-2,64%","-1,25%","2,31%",,"R$ 194.176.239,76","R$ 92,06",93,,0
63137055d2449664b675fe15,69,JFLL11,Residencial,"R$ 77,25",678,"R$ 0,62","0,93%","2,71%","5,16%","10,11%","0,90%","0,86%","0,84%","-4,35%","-3,45%","-10,32%",,"R$ 150.564.588,39","R$ 100,34",77,"28,00%",2
63137055d2449664b675fe16,70,STRX11,Híbrido,,,"R$ 0,75","0,00%","0,00%","0,00%","0,00%","0,00%","0,00%","0,00%","0,00%","0,00%","0,00%",,"R$ 226.966.752,93","R$ 140,66",,,0
63137055d2449664b675fe17,71,RBRS11,Híbrido,"R$ 69,90",1220,"R$ 0,41","0,72%","2,53%","4,60%","8,30%","0,84%","0,77%","0,69%","-1,93%","-1,22%","-11,25%",,"R$ 147.033.252,03","R$ 90,79",77,,0
63137055d2449664b675fe18,72,RNGO11,Lajes Corporativas,"R$ 56,26",1739,"R$ 0,40","0,87%","2,64%","4,88%","8,73%","0,88%","0,81%","0,73%","-0,13%","0,73%","-4,27%",,"R$ 234.662.553,74","R$ 87,69",64,"24,10%",3
63137055d2449664b675fe19,73,RZAG11,Títulos e Val. Mob.,"R$ 10,28",82931,"R$ 0,14","1,33%","3,88%","7,25%","0,00%","1,29%","1,21%","0,00%","0,99%","2,33%","12,43%",,"R$ 289.108.319,33","R$ 9,53",108,,0
63137055d2449664b675fe1a,74,XPCM11,Lajes Corporativas,"R$ 14,42",5100,"R$ 0,12","0,88%","3,04%","6,04%","10,76%","1,01%","1,01%","0,90%","-9,33%","-8,53%","-23,91%",,"R$ 127.310.569,38","R$ 52,73",27,"100,00%",1
63137055d2449664b675fe1b,75,XPHT11,Hotel,"R$ 110,00",90,"R$ 0,54","0,49%","1,21%","1,99%","4,55%","0,40%","0,33%","0,38%","2,09%","2,59%","13,65%",,"R$ 357.911.232,04","R$ 94,07",117,"64,90%",5
63137055d2449664b675fe1c,76,LVBI11,Logística,"R$ 109,90",15656,"R$ 0,74","0,75%","2,23%","4,40%","8,54%","0,74%","0,73%","0,71%","-0,02%","0,73%","4,14%",,"R$ 1.360.439.203,91","R$ 115,53",95,"0,50%",10
63137055d2449664b675fe1d,77,NSLU11,Hospital,"R$ 161,97",4080,"R$ 0,46","0,30%","1,73%","4,40%","9,10%","0,58%","0,73%","0,76%","0,00%","0,30%","1,06%",[object Object],"R$ 238.028.433,66","R$ 207,92",78,"0,00%",1
63137055d2449664b675fe1e,78,PVBI11,Lajes Corporativas,"R$ 97,00",30199,"R$ 0,56","0,61%","1,81%","3,64%","7,41%","0,60%","0,61%","0,62%","-0,41%","0,20%","7,24%",,"R$ 996.236.330,26","R$ 99,23",98,"0,10%",4
63137055d2449664b675fe1f,79,PQDP11,Shoppings,"R$ 2.180,00",81,"R$ 14,24","0,72%","2,12%","4,44%","8,35%","0,71%","0,74%","0,70%","-0,98%","-0,26%","1,92%",,"R$ 815.397.327,57","R$ 3.321,20",66,"3,60%",1
63137055d2449664b675fe20,80,VVPR11,Híbrido,"R$ 99,50",299,"R$ 0,85","0,86%","2,45%","4,95%","9,56%","0,82%","0,83%","0,80%","1,94%","2,81%","11,28%",,"R$ 238.445.073,76","R$ 103,41",96,"0,00%",6
63137055d2449664b675fe21,81,FIIB11,Híbrido,"R$ 479,87",472,"R$ 3,50","0,78%","2,32%","4,49%","8,86%","0,77%","0,75%","0,74%","5,65%","6,47%","1,66%",[object Object],"R$ 312.880.251,65","R$ 456,76",105,"6,28%",1
63137055d2449664b675fe22,82,BBRC11,Outros,"R$ 103,04",632,"R$ 0,99","1,01%","2,99%","5,86%","11,09%","1,00%","0,98%","0,92%","-2,29%","-1,31%","4,50%",,"R$ 169.963.038,66","R$ 106,89",96,"5,37%",20
63137055d2449664b675fe23,83,RBVO11,Outros,"R$ 10,89",171,"R$ 0,03","0,27%","0,72%","1,75%","3,86%","0,24%","0,29%","0,32%","-2,81%","-2,54%","-8,00%",,"R$ 8.932.917,24","R$ 17,32",63,,0
63137055d2449664b675fe24,84,MFII11,Híbrido,"R$ 96,73",4010,"R$ 1,10","1,17%","3,45%","6,74%","13,27%","1,15%","1,12%","1,11%","-1,26%","-0,11%","-7,90%",,"R$ 416.830.531,97","R$ 100,52",96,,9
63137055d2449664b675fe25,85,MFAI11,Híbrido,"R$ 65,15",612,"R$ 0,51","0,83%","2,26%","5,81%","11,73%","0,75%","0,97%","0,98%","-4,65%","-3,86%","-12,28%",,"R$ 22.677.027,07","R$ 73,33",89,,0
63137055d2449664b675fe26,86,RBHG11,Títulos e Val. Mob.,"R$ 88,24",1981,"R$ 1,30","1,50%","4,60%","8,37%","15,66%","1,53%","1,40%","1,31%","-0,62%","0,87%","7,26%",,"R$ 164.896.924,63","R$ 95,45",92,,0
63137055d2449664b675fe27,87,RMAI11,Lajes Corporativas,"R$ 47,52",1064,"R$ 0,26","0,73%","2,29%","4,44%","5,52%","0,76%","0,74%","0,46%","6,32%","7,10%","-6,24%",,"R$ 264.765.842,12","R$ 108,34",44,"23,44%",1
63137055d2449664b675fe28,88,KNCR11,Títulos e Val. Mob.,"R$ 102,56",68329,"R$ 1,15","1,12%","3,21%","5,97%","9,92%","1,07%","0,99%","0,83%","0,52%","1,65%","9,76%",,"R$ 4.447.594.100,11","R$ 101,40",101,,0
63137055d2449664b675fe29,89,KNSC11,Títulos e Val. Mob.,"R$ 85,33",87752,"R$ 0,91","1,00%","3,59%","7,00%","14,86%","1,20%","1,17%","1,24%","-3,01%","-2,04%","-0,42%",,"R$ 1.171.973.199,00","R$ 88,28",97,,0
63137055d2449664b675fe2a,90,KNCA11,Títulos e Val. Mob.,"R$ 106,77",5037,"R$ 1,21","1,14%","3,63%","0,00%","0,00%","1,21%","0,00%","0,00%","-1,05%","0,07%","3,39%",,"R$ 817.507.414,14","R$ 100,93",106,,0
63137055d2449664b675fe2b,91,BCIA11,Títulos e Val. Mob.,"R$ 91,60",3692,"R$ 0,74","0,89%","2,67%","5,14%","9,64%","0,89%","0,86%","0,80%","-0,27%","0,63%","1,23%",,"R$ 381.232.837,73","R$ 102,51",89,,0
63137055d2449664b675fe2c,92,HSML11,Shoppings,"R$ 90,79",24998,"R$ 0,65","0,84%","2,44%","4,71%","8,75%","0,81%","0,78%","0,73%","-0,26%","0,58%","7,76%",,"R$ 1.560.544.208,08","R$ 98,89",92,"4,50%",6
63137055d2449664b675fe2d,93,KISU11,Títulos e Val. Mob.,"R$ 8,18",82349,"R$ 0,07","0,89%","3,20%","5,75%","10,42%","1,07%","0,96%","0,87%","3,41%","4,33%","3,46%",,"R$ 389.895.395,95","R$ 8,82",93,,0
63137055d2449664b675fe2e,94,HUSC11,Outros,"R$ 106,99",46,"R$ 0,99","0,96%","2,94%","4,92%","8,24%","0,98%","0,82%","0,69%","0,49%","1,45%","-3,28%",,"R$ 113.457.138,03","R$ 142,78",75,,0
63137055d2449664b675fe2f,95,RBFF11,Títulos e Val. Mob.,"R$ 59,99",5170,"R$ 0,50","0,88%","2,85%","5,61%","10,59%","0,95%","0,94%","0,88%","6,60%","7,55%","8,76%",,"R$ 238.008.867,55","R$ 63,48",94,,0
63137055d2449664b675fe30,96,HPDP11,Shoppings,"R$ 87,87",32,"R$ 0,45","0,55%","1,63%","3,27%","6,28%","0,54%","0,55%","0,52%","-0,64%","-0,10%","1,93%",,"R$ 276.087.778,59","R$ 94,91",93,"2,00%",1
63137055d2449664b675fe31,97,VISC11,Shoppings,"R$ 111,65",18255,"R$ 0,71","0,70%","2,09%","4,14%","7,96%","0,70%","0,69%","0,66%","-0,11%","0,59%","5,32%",,"R$ 2.030.121.088,07","R$ 114,72",97,"8,30%",15
63137055d2449664b675fe32,98,HFOF11,Títulos e Val. Mob.,"R$ 76,05",18863,"R$ 0,62","0,89%","2,57%","4,94%","9,31%","0,86%","0,82%","0,78%","-1,03%","-0,14%","-7,17%",,"R$ 1.890.308.886,98","R$ 82,19",93,,0
63137055d2449664b675fe33,99,HAAA11,Lajes Corporativas,"R$ 88,60",8,"R$ 0,54","0,60%","1,85%","3,55%","6,94%","0,62%","0,59%","0,58%","-4,27%","-3,69%","-2,14%",,"R$ 310.890.883,83","R$ 89,98",98,"17,00%",1
63137055d2449664b675fe34,100,RBRD11,Híbrido,"R$ 41,28",653,"R$ 0,30","0,78%","2,63%","6,59%","8,74%","0,88%","1,10%","0,73%","0,05%","0,84%","-4,59%",,"R$ 128.651.605,45","R$ 69,47",59,"15,52%",4
63137055d2449664b675fe35,101,SADI11,Títulos e Val. Mob.,"R$ 91,47",3276,"R$ 1,04","1,14%","3,46%","6,43%","10,55%","1,15%","1,07%","0,88%","-0,30%","0,84%","8,87%",,"R$ 318.671.042,30","R$ 101,14",90,,0
63137055d2449664b675fe36,102,VIUR11,Títulos e Val. Mob.,"R$ 8,35",82016,"R$ 0,07","1,03%","2,98%","5,92%","11,06%","0,99%","0,99%","0,92%","-2,37%","-1,37%","-90,14%",,"R$ 254.972.381,80","R$ 9,46",88,"0,00%",6
63137055d2449664b675fe37,103,NVIF11B,Outros,,,"R$ 0,44","0,00%","0,00%","0,00%","0,00%","0,00%","0,00%","0,00%","0,00%","0,00%","0,00%",,"R$ 88.395.166,22","R$ 261,99",,,0
63137055d2449664b675fe38,104,VINO11,Lajes Corporativas,"R$ 49,94",30092,"R$ 0,34","0,77%","2,23%","4,33%","9,80%","0,74%","0,72%","0,82%","0,09%","0,86%","-10,12%",,"R$ 890.971.217,04","R$ 53,79",93,"4,20%",9
63137055d2449664b675fe39,105,RBCO11,Lajes Corporativas,"R$ 45,76",4026,"R$ 0,35","0,90%","2,73%","4,99%","9,50%","0,91%","0,83%","0,79%","-2,00%","-1,11%","-26,18%",,"R$ 322.783.969,76","R$ 85,42",54,"46,00%",4
63137055d2449664b675fe3a,106,FIIP11B,Logística,"R$ 159,01",784,"R$ 1,35","0,90%","2,56%","4,92%","9,46%","0,85%","0,82%","0,79%","-2,67%","-1,79%","-3,19%",,"R$ 172.588.674,74","R$ 186,15",85,"0,00%",7
63137055d2449664b675fe3b,107,PATC11,Lajes Corporativas,"R$ 72,00",1111,"R$ 0,92","1,38%","2,32%","3,70%","6,53%","0,77%","0,62%","0,54%","-1,42%","-0,06%","6,30%",,"R$ 302.486.453,09","R$ 86,99",83,"21,90%",6
63137055d2449664b675fe3c,108,VLOL11,Lajes Corporativas,"R$ 105,50",1460,"R$ 0,59","0,60%","1,76%","3,50%","6,58%","0,59%","0,58%","0,55%","-0,53%","0,07%","9,16%",,"R$ 184.957.924,24","R$ 103,63",102,"0,00%",1
63137055d2449664b675fe3d,109,AIEC11,Lajes Corporativas,"R$ 81,30",3206,"R$ 0,72","0,98%","2,92%","6,27%","11,09%","0,97%","1,04%","0,92%","-3,94%","-2,99%","0,53%",,"R$ 489.002.250,79","R$ 101,35",80,"0,00%",2
63137055d2449664b675fe3e,110,VCRR11,Residencial,"R$ 79,39",798,"R$ 0,67","0,96%","2,80%","5,52%","10,60%","0,93%","0,92%","0,88%","-2,30%","-1,37%","-3,82%",,"R$ 239.629.500,71","R$ 119,81",66,,0
63137055d2449664b675fe3f,111,HSAF11,Títulos e Val. Mob.,"R$ 86,06",5850,"R$ 1,00","1,07%","3,70%","7,31%","13,85%","1,23%","1,22%","1,15%","-1,16%","-0,11%","7,34%",,"R$ 167.160.244,51","R$ 94,25",91,,0
63137055d2449664b675fe40,112,BNFS11,Outros,"R$ 119,99",452,"R$ 1,47","1,26%","3,65%","6,87%","12,79%","1,22%","1,14%","1,07%","-0,41%","0,84%","-0,28%",,"R$ 69.455.272,66","R$ 99,22",121,"0,00%",18
63137055d2449664b675fe41,113,HBRH11,Híbrido,"R$ 88,20",970,"R$ 0,65","0,77%","2,35%","5,03%","10,75%","0,78%","0,84%","0,90%","1,45%","2,23%","-1,61%",,"R$ 313.204.217,59","R$ 112,98",78,,3
63137055d2449664b675fe42,114,APTO11,Híbrido,"R$ 9,33",3397,"R$ 0,12","1,23%","3,72%","6,92%","0,00%","1,24%","1,15%","0,00%","-1,71%","-0,50%","4,76%",,"R$ 40.476.276,61","R$ 10,09",92,,0
63137055d2449664b675fe43,115,RFOF11,Títulos e Val. Mob.,"R$ 74,90",3001,"R$ 0,67","0,96%","2,88%","5,66%","10,71%","0,96%","0,94%","0,89%","-1,20%","-0,25%","1,52%",,"R$ 87.666.023,96","R$ 81,31",92,,0
63137055d2449664b675fe44,116,BBFO11,Títulos e Val. Mob.,"R$ 76,99",4459,"R$ 0,89","1,26%","3,63%","6,66%","11,96%","1,21%","1,11%","1,00%","0,30%","1,56%","5,13%",,"R$ 333.679.016,89","R$ 83,34",92,,0
63137055d2449664b675fe45,117,VTLT11,Logística,"R$ 95,45",5419,"R$ 0,83","0,93%","2,75%","5,42%","10,24%","0,92%","0,90%","0,85%","-1,11%","-0,19%","3,17%",,"R$ 217.406.243,90","R$ 102,79",93,"0,00%",1
63137055d2449664b675fe46,118,KFOF11,Títulos e Val. Mob.,"R$ 86,10",8113,"R$ 0,70","0,93%","2,71%","5,32%","9,75%","0,90%","0,89%","0,81%","-1,38%","-0,46%","4,70%",,"R$ 418.012.098,98","R$ 92,21",93,,0
63137055d2449664b675fe47,119,JPPA11,Títulos e Val. Mob.,"R$ 105,82",4508,"R$ 1,77","1,74%","5,59%","10,40%","17,47%","1,86%","1,73%","1,46%","-4,23%","-2,56%","16,96%",,"R$ 60.926.897,69","R$ 100,88",105,,0
63137055d2449664b675fe48,120,VRTA11,Títulos e Val. Mob.,"R$ 94,00",27074,"R$ 1,10","1,15%","3,64%","7,10%","13,71%","1,21%","1,18%","1,14%","-2,18%","-1,05%","-1,07%",,"R$ 1.236.753.332,90","R$ 94,03",100,,0
63137055d2449664b675fe49,121,BRCO11,Logística,"R$ 106,15",30425,"R$ 0,65","0,66%","2,09%","3,99%","7,68%","0,70%","0,66%","0,64%","0,47%","1,13%","6,65%",,"R$ 1.758.736.318,15","R$ 119,00",89,"0,00%",10
63137055d2449664b675fe4a,122,OUJP11,Títulos e Val. Mob.,"R$ 95,03",3971,"R$ 1,35","1,43%","4,42%","8,59%","15,07%","1,47%","1,43%","1,26%","-2,16%","-0,77%","13,89%",,"R$ 327.636.851,52","R$ 100,74",94,,0
63137055d2449664b675fe4b,123,HGFF11,Títulos e Val. Mob.,"R$ 79,81",5373,"R$ 0,65","0,91%","2,62%","5,12%","9,53%","0,87%","0,85%","0,79%","0,70%","1,61%","0,04%",,"R$ 249.656.530,68","R$ 87,18",92,,0
63137055d2449664b675fe4c,124,XPCA11,Títulos e Val. Mob.,"R$ 11,24",122514,"R$ 0,14","1,36%","4,13%","8,03%","0,00%","1,38%","1,34%","0,00%","0,79%","2,16%","16,33%",,"R$ 168.021.488,19","R$ 9,50",118,,0
63137055d2449664b675fe4d,125,CBOP11,Lajes Corporativas,"R$ 59,51",1452,"R$ 0,49","0,81%","3,27%","5,67%","13,51%","1,09%","0,94%","1,13%","-0,54%","0,26%","-11,24%",,"R$ 108.207.198,31","R$ 76,47",78,"33,59%",1
63137055d2449664b675fe4e,126,HGPO11,Lajes Corporativas,"R$ 261,98",638,"R$ 1,50","0,59%","1,63%","3,19%","6,56%","0,54%","0,53%","0,55%","-2,70%","-2,12%","1,27%",,"R$ 470.128.332,27","R$ 268,18",98,"4,99%",2
63137055d2449664b675fe4f,127,HGLG11,Logística,"R$ 170,57",30222,"R$ 1,10","0,65%","3,33%","5,33%","9,69%","1,11%","0,89%","0,81%","2,41%","3,08%","5,03%",,"R$ 3.430.789.490,17","R$ 146,26",117,"6,90%",17
63137055d2449664b675fe50,128,HGCR11,Títulos e Val. Mob.,"R$ 104,00",35336,"R$ 1,20","1,16%","3,39%","6,42%","11,92%","1,13%","1,07%","0,99%","-2,25%","-1,11%","5,25%",,"R$ 1.491.890.744,95","R$ 101,72",102,,0
63137055d2449664b675fe51,129,HGRE11,Lajes Corporativas,"R$ 142,16",16841,"R$ 0,78","0,63%","1,83%","3,53%","8,24%","0,61%","0,59%","0,69%","-5,25%","-4,65%","-3,44%",,"R$ 1.914.484.396,71","R$ 162,00",88,"27,13%",21
63137055d2449664b675fe52,130,MXRF11,Híbrido,"R$ 10,26",657736,"R$ 0,12","1,22%","3,37%","6,54%","11,72%","1,12%","1,09%","0,98%","1,24%","2,48%","16,07%",,"R$ 2.302.693.543,19","R$ 10,19",101,,0
63137055d2449664b675fe53,131,CXCI11,,"R$ 83,58",471,"R$ 0,83","1,09%","3,09%","0,00%","0,00%","1,03%","0,00%","0,00%","-1,23%","-0,16%","-10,16%",,"R$ 197.247.561,59","R$ 95,86",87,,0
63137055d2449664b675fe54,132,XPCI11,Outros,"R$ 93,73",17651,"R$ 1,02","1,09%","3,49%","7,05%","13,11%","1,16%","1,17%","1,09%","-1,41%","-0,33%","3,42%",,"R$ 844.665.897,07","R$ 97,07",97,,0
63137055d2449664b675fe55,133,BTSG11,Híbrido,,,"R$ 0,88","0,00%","0,00%","0,00%","0,00%","0,00%","0,00%","0,00%","0,00%","0,00%","0,00%",,"R$ 103.340.121,81","R$ 133,34",,,0
63137055d2449664b675fe56,134,XPPR11,Outros,"R$ 50,24",14450,"R$ 0,35","0,74%","2,27%","4,60%","9,53%","0,76%","0,77%","0,79%","-6,04%","-5,35%","-22,29%",,"R$ 559.121.903,64","R$ 76,42",66,"46,00%",4
63137055d2449664b675fe57,135,XPLG11,Logística,"R$ 108,34",36779,"R$ 0,72","0,74%","2,20%","4,27%","8,10%","0,73%","0,71%","0,67%","3,48%","4,25%","3,40%",,"R$ 3.081.481.314,66","R$ 113,70",95,"8,80%",13
63137055d2449664b675fe58,136,TEPP11,Lajes Corporativas,"R$ 82,99",9156,"R$ 0,49","0,68%","2,14%","4,22%","8,22%","0,71%","0,70%","0,68%","5,29%","6,01%","2,93%",,"R$ 380.138.260,88","R$ 90,04",92,"9,06%",5
63137055d2449664b675fe59,137,CXCE11B,Outros,"R$ 40,00",220,"R$ 0,34","0,92%","2,75%","5,39%","11,78%","0,92%","0,90%","0,98%","2,34%","3,28%","-12,79%",,"R$ 111.339.152,66","R$ 65,00",62,"0,00%",1
63137055d2449664b675fe5a,138,PLOG11,Logística,"R$ 77,99",1622,"R$ 0,75","1,13%","3,22%","6,42%","12,08%","1,07%","1,07%","1,01%","-5,76%","-4,70%","-4,40%",,"R$ 75.240.446,69","R$ 100,32",78,"20,40%",1
63137055d2449664b675fe5b,139,TGAR11,Outros,"R$ 125,70",26860,"R$ 1,58","1,31%","3,96%","7,37%","13,07%","1,32%","1,23%","1,09%","4,20%","5,56%","6,52%",,"R$ 1.389.314.002,85","R$ 122,84",102,,0
63137055d2449664b675fe5c,140,RZTR11,Híbrido,"R$ 103,95",30713,"R$ 1,25","1,23%","3,68%","7,33%","13,91%","1,23%","1,22%","1,16%","0,03%","1,26%","5,95%",,"R$ 1.087.758.184,80","R$ 98,46",106,,10
63137055d2449664b675fe5d,141,HCHG11,Outros,"R$ 82,99",1391,"R$ 0,88","1,07%","3,20%","6,12%","10,73%","1,07%","1,02%","0,89%","-0,59%","0,48%","-1,22%",,"R$ 125.130.892,22","R$ 104,28",80,,0
63137055d2449664b675fe5e,142,LGCP11,Logística,"R$ 83,99",3705,"R$ 0,62","0,81%","2,36%","4,64%","8,70%","0,79%","0,77%","0,72%","-2,85%","-2,07%","-1,21%",,"R$ 279.067.670,32","R$ 102,12",82,"0,50%",5
63137055d2449664b675fe5f,143,HABT11,Títulos e Val. Mob.,"R$ 96,28",14103,"R$ 1,30","1,31%","3,94%","7,48%","14,88%","1,31%","1,25%","1,24%","-2,85%","-1,57%","-3,26%",,"R$ 809.759.890,09","R$ 99,64",97,,0
63137055d2449664b675fe60,144,BICR11,Títulos e Val. Mob.,"R$ 100,00",12,"R$ 0,55","0,54%","2,08%","4,68%","8,04%","0,69%","0,78%","0,67%","3,03%","3,59%","13,87%",,"R$ 50.225.367,35","R$ 100,45",100,,0
63137055d2449664b675fe61,145,BCRI11,Títulos e Val. Mob.,"R$ 103,00",25955,"R$ 1,35","1,26%","3,93%","7,42%","13,99%","1,31%","1,24%","1,17%","-2,02%","-0,78%","5,35%",,"R$ 664.352.978,84","R$ 106,16",97,,0
63137055d2449664b675fe62,146,RBVA11,Outros,"R$ 99,00",8537,"R$ 1,00","1,11%","3,32%","6,16%","11,46%","1,11%","1,03%","0,96%","-0,76%","0,34%","-2,25%",,"R$ 1.194.682.127,67","R$ 103,09",96,"0,70%",72
63137055d2449664b675fe63,147,CXCO11,Lajes Corporativas,"R$ 78,76",1142,"R$ 0,72","0,97%","2,90%","5,53%","10,19%","0,97%","0,92%","0,85%","-2,24%","-1,29%","-3,24%",,"R$ 378.686.921,75","R$ 96,49",82,,0
63137055d2449664b675fe64,148,SHPH11,Shoppings,"R$ 799,92",15,"R$ 4,48","0,62%","1,43%","2,77%","5,46%","0,48%","0,46%","0,46%","-6,86%","-6,28%","-7,63%",,"R$ 541.097.847,39","R$ 888,58",90,"10,80%",1
63137055d2449664b675fe65,149,MALL11,Shoppings,"R$ 108,01",12966,"R$ 0,75","0,75%","2,17%","4,32%","8,31%","0,72%","0,72%","0,69%","-0,95%","-0,21%","9,30%",,"R$ 813.345.477,18","R$ 107,58",100,"4,00%",8
63137055d2449664b675fe66,150,SDIL11,Logística,"R$ 96,38",10773,"R$ 0,76","0,86%","2,56%","5,07%","10,07%","0,85%","0,85%","0,84%","0,19%","1,06%","7,93%",,"R$ 633.720.641,28","R$ 99,10",97,"2,60%",5
63137055d2449664b675fe67,151,FVPQ11,Shoppings,"R$ 117,31",815,"R$ 0,72","0,63%","1,92%","3,80%","7,37%","0,64%","0,63%","0,61%","-1,23%","-0,61%","17,48%",,"R$ 557.034.773,89","R$ 198,93",59,"5,50%",1
63137055d2449664b675fe68,152,ABCP11,Shoppings,"R$ 74,75",1146,"R$ 0,53","0,79%","2,38%","4,51%","9,16%","0,79%","0,75%","0,76%","-3,37%","-2,61%","-3,92%",,"R$ 1.119.730.179,17","R$ 91,75",81,"7,50%",1
63137055d2449664b675fe69,153,CYCR11,Títulos e Val. Mob.,"R$ 91,95",6974,"R$ 1,00","1,06%","3,50%","7,16%","0,00%","1,17%","1,19%","0,00%","-7,79%","-6,81%","1,31%",,"R$ 156.199.659,14","R$ 95,73",96,,0
63137055d2449664b675fe6a,154,NEWL11,Híbrido,"R$ 101,80",330,"R$ 0,90","0,96%","3,63%","6,00%","11,21%","1,21%","1,00%","0,93%","1,17%","2,14%","-1,61%",,"R$ 263.648.181,22","R$ 129,68",79,"0,00%",2
63137055d2449664b675fe6b,155,RBED11,Outros,"R$ 135,41",774,"R$ 1,18","1,02%","2,98%","5,73%","10,71%","0,99%","0,96%","0,89%","-1,84%","-0,84%","3,06%",,"R$ 284.863.444,53","R$ 140,91",96,"0,00%",5
63137055d2449664b675fe6c,156,HREC11,Títulos e Val. Mob.,"R$ 97,96",15,"R$ 1,10","1,12%","3,90%","6,83%","12,11%","1,30%","1,14%","1,01%","1,80%","2,94%","10,53%",,"R$ 422.021.345,84","R$ 90,63",108,,0
63137055d2449664b675fe6d,157,PQAG11,Logística,"R$ 57,00",28,"R$ 0,42","0,74%","2,17%","4,25%","7,93%","0,72%","0,71%","0,66%","-0,11%","0,63%","6,07%",,"R$ 801.813.893,38","R$ 57,31",99,"0,00%",1
63137055d2449664b675fe6e,158,NVHO11,Hospital,"R$ 10,00",1213,"R$ 0,08","0,73%","2,04%","3,56%","7,11%","0,68%","0,59%","0,59%","0,00%","0,73%","5,10%",,"R$ 528.046.888,61","R$ 12,73",79,,1
63137055d2449664b675fe6f,159,HLOG11,Logística,"R$ 94,75",1155,"R$ 0,65","0,74%","2,24%","4,37%","8,19%","0,75%","0,73%","0,68%","-0,17%","0,57%","-1,41%",,"R$ 471.564.022,75","R$ 110,96",85,"58,00%",3
63137055d2449664b675fe70,160,HGBS11,Shoppings,"R$ 206,71",6519,"R$ 1,30","0,72%","2,22%","4,22%","7,51%","0,74%","0,70%","0,63%","4,87%","5,62%","14,24%",,"R$ 2.163.189.609,42","R$ 216,32",96,"6,50%",17
63137055d2449664b675fe71,161,WPLZ11,Shoppings,"R$ 76,69",20,"R$ 0,45","0,66%","1,64%","2,87%","4,83%","0,55%","0,48%","0,40%","-5,50%","-4,88%","-2,08%",,"R$ 105.001.583,03","R$ 102,87",75,"11,00%",1
63137055d2449664b675fe72,162,BBFI11B,Lajes Corporativas,"R$ 1.994,00",189,"R$ 27,24","1,52%","4,34%","8,16%","15,58%","1,45%","1,36%","1,30%","0,03%","1,55%","-14,33%",,"R$ 370.762.576,82","R$ 2.852,02",70,"39,11%",2
63137055d2449664b675fe73,163,FIGS11,Shoppings,"R$ 59,11",3263,"R$ 0,37","0,76%","2,33%","4,41%","7,97%","0,78%","0,74%","0,66%","3,34%","4,12%","-6,31%",,"R$ 283.566.888,70","R$ 99,50",59,"13,70%",2
63137055d2449664b675fe74,164,SARE11,Híbrido,"R$ 78,58",15274,"R$ 0,65","0,93%","2,80%","5,38%","10,44%","0,93%","0,90%","0,87%","4,15%","5,12%","3,44%",,"R$ 906.170.466,07","R$ 98,13",80,"6,20%",3
63137055d2449664b675fe75,165,VGHF11,Títulos e Val. Mob.,"R$ 9,97",252054,"R$ 0,12","1,21%","3,93%","8,13%","16,98%","1,31%","1,35%","1,42%","-0,90%","0,30%","6,24%",,"R$ 674.715.085,21","R$ 9,26",108,,0
63137055d2449664b675fe76,166,VCRI11,,"R$ 9,16",92763,"R$ 0,15","1,60%","0,00%","0,00%","0,00%","0,00%","0,00%","0,00%","-1,16%","0,42%","2,01%",,"R$ 173.529.692,61","R$ 9,76",94,,0
63137055d2449664b675fe77,167,PORD11,Títulos e Val. Mob.,"R$ 97,00",6864,"R$ 1,50","1,54%","4,88%","8,83%","15,23%","1,63%","1,47%","1,27%","0,15%","1,69%","15,43%",,"R$ 366.044.551,48","R$ 98,18",99,,0
63137055d2449664b675fe78,168,IDFI11,Híbrido,"R$ 74,50",24,"R$ 0,81","0,98%","4,67%","8,14%","0,00%","1,56%","1,36%","0,00%","-0,01%","0,97%","-10,87%",,"R$ 180.214.602,95","R$ 87,57",85,,0
63137055d2449664b675fe79,169,VIFI11,Títulos e Val. Mob.,"R$ 7,41",28664,"R$ 0,06","0,87%","2,58%","5,17%","10,19%","0,86%","0,86%","0,85%","-0,43%","0,43%","-6,10%",,"R$ 70.344.348,65","R$ 8,70",85,,0
63137055d2449664b675fe7a,170,VILG11,Logística,"R$ 106,93",22256,"R$ 0,72","0,77%","2,22%","4,31%","8,21%","0,74%","0,72%","0,68%","-2,16%","-1,40%","-4,18%",,"R$ 1.700.239.939,88","R$ 113,37",94,"0,00%",16
63137055d2449664b675fe7b,171,GALG11,Híbrido,"R$ 9,79",105869,"R$ 0,82","0,89%","2,62%","5,17%","10,11%","0,87%","0,86%","0,84%","-0,59%","0,29%","-2,34%",,"R$ 581.475.469,89","R$ 101,15",10,"0,00%",6
63137055d2449664b675fe7c,172,BTWR11,Lajes Corporativas,"R$ 105,49",278,"R$ 0,36","0,00%","0,00%","0,00%","0,00%","0,00%","0,00%","0,00%","0,00%","0,00%","0,52%",,"R$ 90.161.015,95","R$ 111,41",95,"12,00%",1
63137055d2449664b675fe7d,173,HSRE11,Híbrido,"R$ 99,99",1,"R$ 0,63","0,63%","1,75%","3,43%","7,16%","0,58%","0,57%","0,60%","-0,02%","0,61%","4,04%",,"R$ 818.194.053,73","R$ 96,05",104,"0,00%",29
63137055d2449664b675fe7e,174,BBGO11,Títulos e Val. Mob.,"R$ 86,00",15456,"R$ 0,74","0,86%","2,59%","0,00%","0,00%","0,86%","0,00%","0,00%","-1,36%","-0,51%","2,37%",,"R$ 393.054.613,54","R$ 98,14",88,,0
63137055d2449664b675fe7f,175,HSLG11,Logística,"R$ 94,90",10215,"R$ 0,68","0,80%","2,33%","4,45%","8,43%","0,78%","0,74%","0,70%","0,73%","1,54%","-0,88%",,"R$ 1.334.993.195,80","R$ 105,45",90,"1,10%",5
63137055d2449664b675fe80,176,FPAB11,Lajes Corporativas,"R$ 216,38",79,"R$ 1,60","0,79%","2,37%","4,48%","8,09%","0,79%","0,75%","0,67%","3,00%","3,81%","-2,93%",,"R$ 307.589.060,05","R$ 410,12",53,"33,79%",1
63137055d2449664b675fe81,177,EURO11,Logística,"R$ 245,90",297,"R$ 1,75","0,86%","2,41%","4,91%","9,63%","0,80%","0,82%","0,80%","-6,06%","-5,26%","7,49%",,"R$ 119.976.841,02","R$ 312,49",79,"0,00%",6
63137055d2449664b675fe82,178,PLRI11,Títulos e Val. Mob.,"R$ 27,80",95,"R$ 0,25","0,88%","1,88%","5,94%","10,90%","0,63%","0,99%","0,91%","-11,72%","-10,94%","-18,99%",,"R$ 33.283.579,71","R$ 34,88",80,,0
63137055d2449664b675fe83,179,RDPD11,Títulos e Val. Mob.,"R$ 51,41",54,"R$ 0,65","1,28%","3,23%","6,83%","11,57%","1,08%","1,14%","0,96%","-4,38%","-3,15%","-3,56%",,"R$ 59.809.937,86","R$ 55,48",93,,0
63137055d2449664b675fe84,180,RNDP11,Títulos e Val. Mob.,"R$ 314,82",56,"R$ 3,10","0,94%","3,12%","5,96%","9,64%","1,04%","0,99%","0,80%","9,26%","10,28%","-41,32%",,"R$ 41.478.009,45","R$ 385,91",82,,0
63137055d2449664b675fe85,181,TRXF11,Outros,"R$ 108,90",28272,"R$ 0,85","0,83%","2,76%","5,15%","9,82%","0,92%","0,86%","0,82%","4,23%","5,09%","7,29%",,"R$ 750.854.493,51","R$ 103,64",105,"0,00%",44
63137055d2449664b675fe86,182,QIRI11,Títulos e Val. Mob.,"R$ 75,55",152,"R$ 0,71","0,99%","2,95%","5,37%","9,28%","0,98%","0,90%","0,77%","1,98%","2,99%","-14,96%",,"R$ 12.698.695,90","R$ 84,66",89,,0
63137055d2449664b675fe87,183,RRCI11,Títulos e Val. Mob.,"R$ 84,50",1353,"R$ 1,20","1,41%","4,39%","8,64%","15,52%","1,46%","1,44%","1,29%","-5,59%","-4,26%","9,34%",,"R$ 46.447.218,59","R$ 96,41",88,,0
63137055d2449664b675fe88,184,BLMO11,Lajes Corporativas,"R$ 23.999,00",1,"R$ 37,45","0,15%","0,25%","0,41%","0,00%","0,08%","0,07%","0,00%","0,86%","1,01%","-3,46%",,"R$ 111.748.475,02","R$ 29.430,73",82,"0,00%",1
63137055d2449664b675fe89,185,VSHO11,Shoppings,"R$ 79,70",393,"R$ 0,60","0,76%","2,42%","4,65%","9,29%","0,81%","0,78%","0,77%","-0,47%","0,29%","5,62%",,"R$ 207.065.073,67","R$ 98,66",81,"12,96%",3
63137055d2449664b675fe8a,186,GTWR11,Lajes Corporativas,"R$ 81,60",8766,"R$ 0,74","1,05%","3,11%","5,90%","10,84%","1,04%","0,98%","0,90%","-0,67%","0,37%","-10,31%",,"R$ 1.175.430.764,57","R$ 97,95",83,"0,00%",1
63137055d2449664b675fe8b,187,RBLG11,Logística,"R$ 94,50",2,"R$ 0,80","0,92%","2,76%","5,49%","10,37%","0,92%","0,91%","0,86%","0,01%","0,93%","5,30%",,"R$ 66.897.594,99","R$ 104,50",90,"0,00%",1
63137055d2449664b675fe8c,188,QAGR11,Outros,"R$ 47,37",7142,"R$ 0,40","0,88%","2,57%","4,94%","9,52%","0,86%","0,82%","0,79%","-2,40%","-1,54%","-4,54%",,"R$ 282.155.571,10","R$ 55,98",85,,12
63137055d2449664b675fe8d,189,CRFF11,Títulos e Val. Mob.,"R$ 73,23",2104,"R$ 0,59","0,90%","2,75%","5,16%","8,97%","0,92%","0,86%","0,75%","-0,49%","0,41%","0,13%",,"R$ 58.346.183,81","R$ 84,55",87,,0
63137055d2449664b675fe8e,190,GGRC11,Logística,"R$ 116,97",15211,"R$ 0,86","0,82%","2,53%","4,98%","9,31%","0,84%","0,83%","0,78%","-3,81%","-3,02%","-4,46%",,"R$ 1.004.288.062,75","R$ 129,44",90,"0,00%",20
63137055d2449664b675fe8f,191,CXRI11,Híbrido,"R$ 68,41",217,"R$ 0,55","0,87%","2,74%","5,14%","9,22%","0,91%","0,86%","0,77%","-0,33%","0,54%","-3,13%",,"R$ 129.809.519,46","R$ 82,38",83,,0
63137055d2449664b675fe90,192,MGFF11,Títulos e Val. Mob.,"R$ 66,45",12630,"R$ 0,55","0,92%","2,78%","5,58%","10,30%","0,93%","0,93%","0,86%","-0,42%","0,50%","1,47%",,"R$ 688.916.761,45","R$ 76,12",87,,0
63137055d2449664b675fe91,193,BREV11,Híbrido,"R$ 106,15",10002,"R$ 0,61","0,65%","1,82%","3,58%","6,91%","0,61%","0,60%","0,58%","-3,11%","-2,48%","2,07%",,"R$ 106.281.833,13","R$ 109,89",97,"0,00%",12
63137055d2449664b675fe92,194,FLMA11,Híbrido,"R$ 134,20",386,"R$ 0,92","0,78%","2,23%","4,11%","7,13%","0,74%","0,69%","0,59%","5,90%","6,73%","4,43%",,"R$ 216.789.960,98","R$ 157,02",85,"11,00%",2
63137055d2449664b675fe93,195,SCPF11,Shoppings,"R$ 7,15",497,"R$ 0,03","0,46%","1,01%","1,46%","3,45%","0,34%","0,24%","0,29%","12,47%","12,99%","-30,46%",,"R$ 52.553.139,87","R$ 12,51",57,"29,30%",1
63137055d2449664b675fe94,196,FATN11,Híbrido,"R$ 98,00",57,"R$ 0,86","0,88%","2,61%","5,04%","9,40%","0,87%","0,84%","0,78%","1,87%","2,77%","1,27%",,"R$ 101.050.694,23","R$ 101,05",97,"4,30%",7
63137055d2449664b675fe95,197,BIME11,,"R$ 9,36",6897,"R$ 0,16","1,71%","4,93%","8,84%","0,00%","1,64%","1,47%","0,00%","-1,47%","0,21%","6,77%",,"R$ 53.831.862,23","R$ 9,21",102,,0
63137055d2449664b675fe96,198,BLMR11,Títulos e Val. Mob.,"R$ 7,46",52839,"R$ 0,08","1,04%","3,15%","6,19%","11,63%","1,05%","1,03%","0,97%","1,41%","2,46%","-3,27%",,"R$ 202.658.468,89","R$ 7,93",94,,0
63137055d2449664b675fe97,199,JRDM11,Shoppings,"R$ 84,85",416,"R$ 0,61","0,76%","1,87%","3,66%","7,58%","0,62%","0,61%","0,63%","3,61%","4,40%","11,37%",,"R$ 220.883.480,71","R$ 87,55",97,"2,77%",1
63137055d2449664b675fe98,200,MAXR11,Outros,"R$ 82,55",925,"R$ 0,66","0,86%","2,45%","4,57%","9,31%","0,82%","0,76%","0,78%","-1,58%","-0,74%","-1,25%",,"R$ 136.153.662,99","R$ 120,96",68,"2,80%",8
63137055d2449664b675fe99,201,BRCR11,Híbrido,"R$ 70,19",34330,"R$ 0,47","0,81%","2,30%","4,48%","8,58%","0,77%","0,75%","0,72%","-2,50%","-1,71%","-10,82%",[object Object],"R$ 2.689.411.478,04","R$ 100,96",70,"21,00%",15
63137055d2449664b675fe9a,202,NCHB11,Títulos e Val. Mob.,"R$ 91,31",3574,"R$ 1,31","1,40%","4,48%","7,39%","14,19%","1,49%","1,23%","1,18%","-3,65%","-2,31%","4,02%",,"R$ 138.440.850,85","R$ 95,28",96,,0
63137055d2449664b675fe9b,203,XPIN11,Outros,"R$ 84,59",11348,"R$ 0,61","0,85%","2,50%","4,74%","8,91%","0,83%","0,79%","0,74%","0,34%","1,19%","-11,53%",,"R$ 783.044.980,55","R$ 109,51",77,"17,30%",5
63137055d2449664b675fe9c,204,VSLH11,Outros,"R$ 8,90",50804,"R$ 0,07","0,75%","3,54%","7,19%","15,36%","1,18%","1,20%","1,28%","0,97%","1,72%","4,50%",,"R$ 312.012.494,54","R$ 10,45",85,,0
63137055d2449664b675fe9d,205,HCTR11,Outros,"R$ 106,40",64402,"R$ 1,25","1,11%","3,97%","7,94%","15,63%","1,32%","1,32%","1,30%","-1,38%","-0,28%","-1,30%",,"R$ 2.678.908.802,75","R$ 121,30",88,,0
63137055d2449664b675fe9e,206,SEQR11,Outros,"R$ 66,74",2507,"R$ 0,67","1,02%","3,07%","5,85%","10,87%","1,02%","0,97%","0,91%","3,25%","4,31%","-3,61%",,"R$ 154.662.909,56","R$ 96,15",69,"0,00%",0
63137055d2449664b675fe9f,207,DEVA11,Títulos e Val. Mob.,"R$ 96,95",25618,"R$ 1,25","1,27%","4,27%","8,17%","16,15%","1,42%","1,36%","1,35%","-1,40%","-0,15%","4,63%",,"R$ 1.374.940.910,92","R$ 98,88",98,,0
63137055d2449664b675fea0,208,BLMG11,Logística,"R$ 82,60",10335,"R$ 0,80","1,05%","3,04%","5,82%","11,39%","1,01%","0,97%","0,95%","-1,37%","-0,34%","-13,21%",,"R$ 348.530.026,26","R$ 91,46",90,"0,00%",4
63137055d2449664b675fea1,209,BCFF11,Títulos e Val. Mob.,"R$ 70,70",33834,"R$ 0,56","0,82%","2,61%","5,00%","9,36%","0,87%","0,83%","0,78%","6,10%","6,97%","0,44%",,"R$ 1.941.830.242,24","R$ 77,10",92,,0
63137055d2449664b675fea2,210,BTCR11,Títulos e Val. Mob.,"R$ 93,03",7494,"R$ 1,10","1,13%","3,71%","7,52%","13,09%","1,24%","1,25%","1,09%","0,65%","1,79%","15,20%",,"R$ 460.092.226,48","R$ 95,65",97,,0
63137055d2449664b675fea3,211,CEOC11,Lajes Corporativas,"R$ 62,00",1296,"R$ 0,50","0,83%","2,47%","4,93%","9,56%","0,82%","0,82%","0,80%","1,26%","2,10%","10,66%",,"R$ 163.633.334,88","R$ 90,12",69,"0,00%",1
63137055d2449664b675fea4,212,FEXC11,Títulos e Val. Mob.,"R$ 85,89",10985,"R$ 1,05","1,20%","3,84%","7,34%","13,18%","1,28%","1,22%","1,10%","-1,19%","0,00%","6,74%",,"R$ 567.521.520,03","R$ 92,98",92,,0
63137055d2449664b675fea5,213,FAED11,Outros,"R$ 143,10",743,"R$ 1,53","1,12%","3,29%","6,34%","11,20%","1,10%","1,06%","0,93%","0,37%","1,49%","1,68%",,"R$ 138.838.503,88","R$ 216,20",66,"0,00%",3
63137055d2449664b675fea6,214,RBRR11,Títulos e Val. Mob.,"R$ 95,90",27192,"R$ 1,10","1,12%","3,58%","6,98%","12,70%","1,19%","1,16%","1,06%","-1,89%","-0,79%","3,44%",,"R$ 1.046.711.585,04","R$ 96,56",99,,0
63137055d2449664b675fea7,215,MGLG11,Logística,"R$ 49,48",1243,"R$ 0,50","1,21%","3,64%","7,13%","11,20%","1,21%","1,19%","0,93%","-4,02%","-2,86%","-17,40%",,"R$ 73.872.096,87","R$ 39,12",126,"0,00%",3
63137055d2449664b675fea8,216,GCRA11,Híbrido,"R$ 102,18",2454,"R$ 1,25","1,22%","4,19%","0,00%","0,00%","1,40%","0,00%","0,00%","-0,20%","1,01%","7,16%",,"R$ 156.409.799,12","R$ 98,82",103,,0
63137055d2449664b675fea9,217,DVFF11,Híbrido,"R$ 78,69",67,"R$ 0,75","1,13%","3,36%","6,24%","0,00%","1,12%","1,04%","0,00%","-5,75%","-4,68%","-19,10%",,"R$ 100.007.771,70","R$ 90,84",87,,0
63137055d2449664b675feaa,218,BMLC11,Lajes Corporativas,"R$ 100,50",38,"R$ 0,56","0,57%","2,32%","4,50%","8,90%","0,77%","0,75%","0,74%","2,33%","2,91%","14,25%",,"R$ 109.067.209,47","R$ 109,24",92,"7,00%",2
63137055d2449664b675feab,219,GTLG11,,"R$ 99,98",5353,"R$ 0,70","0,70%","2,10%","4,20%","0,00%","0,70%","0,70%","0,00%","-0,48%","0,22%","6,09%",,"R$ 666.861.902,66","R$ 92,97",108,,0
63137055d2449664b675feac,220,RBRL11,Logística,"R$ 94,94",4270,"R$ 0,65","0,74%","2,31%","4,48%","9,27%","0,77%","0,75%","0,77%","3,29%","4,06%","0,04%",,"R$ 723.196.552,96","R$ 108,15",88,"0,00%",6
63137055d2449664b675fead,221,RBRP11,Outros,"R$ 61,50",26673,"R$ 0,45","0,82%","2,32%","4,44%","8,20%","0,77%","0,74%","0,68%","-4,92%","-4,14%","-18,13%",,"R$ 1.000.871.920,39","R$ 82,18",75,"13,00%",17
63137055d2449664b675feae,222,FLCR11,Títulos e Val. Mob.,"R$ 98,16",770,"R$ 1,15","1,16%","4,60%","8,67%","17,13%","1,53%","1,44%","1,43%","-1,33%","-0,18%","9,77%",,"R$ 63.274.311,16","R$ 99,86",98,,0
63137055d2449664b675feaf,223,RECT11,Híbrido,"R$ 63,00",10958,"R$ 0,50","0,83%","2,56%","4,87%","9,31%","0,85%","0,81%","0,78%","6,64%","7,53%","-8,53%",,"R$ 806.023.791,96","R$ 94,34",67,"15,10%",8
63137055d2449664b675feb0,224,RECR11,Títulos e Val. Mob.,"R$ 92,50",46397,"R$ 1,02","1,06%","3,89%","7,93%","14,78%","1,30%","1,32%","1,23%","-3,74%","-2,72%","2,65%",,"R$ 2.523.788.855,81","R$ 95,45",97,,0
63137055d2449664b675feb1,225,RELG11,Híbrido,"R$ 86,12",3143,"R$ 0,95","1,19%","3,72%","6,75%","12,50%","1,24%","1,13%","1,04%","3,92%","5,15%","7,41%",,"R$ 159.659.840,70","R$ 119,63",72,"10,40%",3
63137055d2449664b675feb2,226,ERPA11,,"R$ 135,00",499,"R$ 0,66","0,00%","0,00%","0,00%","0,00%","0,00%","0,00%","0,00%","0,00%","0,00%","0,79%",,"R$ 58.204.304,27","R$ 116,19",116,,0
63137055d2449664b675feb3,227,RCRB11,Lajes Corporativas,"R$ 137,94",3036,"R$ 0,72","0,58%","1,71%","3,07%","6,58%","0,57%","0,51%","0,55%","-1,71%","-1,14%","-1,10%",,"R$ 718.842.771,51","R$ 194,77",71,"28,40%",10
63137055d2449664b675feb4,228,MBRF11,Outros,"R$ 689,98",279,"R$ 10,00","1,69%","5,17%","9,28%","16,21%","1,72%","1,55%","1,35%","-1,36%","0,31%","-16,28%",,"R$ 113.821.070,31","R$ 1.119,58",62,"0,00%",2
63137055d2449664b675feb5,229,ONEF11,Lajes Corporativas,"R$ 163,75",49578,"R$ 0,92","0,57%","1,73%","3,48%","6,79%","0,58%","0,58%","0,57%","1,11%","1,69%","24,24%",,"R$ 159.308.027,83","R$ 174,87",94,"0,00%",1
63137055d2449664b675feb6,230,BLCA11,Lajes Corporativas,"R$ 91,49",5,"R$ 0,51","0,55%","1,60%","3,14%","0,00%","0,53%","0,52%","0,00%","-3,69%","-3,16%","-3,68%",,"R$ 143.099.245,21","R$ 89,44",102,"0,00%",1
63137055d2449664b675feb7,231,CPFF11,Híbrido,"R$ 72,71",6130,"R$ 0,60","0,87%","2,61%","5,19%","10,19%","0,87%","0,86%","0,85%","-0,76%","0,10%","2,93%",,"R$ 419.112.065,05","R$ 76,90",95,,0
63137055d2449664b675feb8,232,RVBI11,Títulos e Val. Mob.,"R$ 80,44",3328,"R$ 0,75","0,98%","2,96%","5,82%","11,22%","0,99%","0,97%","0,93%","1,95%","2,95%","0,81%",,"R$ 123.765.470,49","R$ 85,95",94,,0
63137055d2449664b675feb9,233,CVBI11,Títulos e Val. Mob.,"R$ 92,73",30105,"R$ 1,00","1,03%","3,80%","7,47%","14,06%","1,27%","1,24%","1,17%","-2,73%","-1,73%","4,14%",,"R$ 1.099.164.263,13","R$ 99,83",93,,0
63137055d2449664b675feba,234,IBFF11,Títulos e Val. Mob.,"R$ 66,40",1924,"R$ 0,30","0,44%","2,01%","4,58%","9,52%","0,67%","0,76%","0,79%","7,50%","7,98%","19,59%",,"R$ 48.361.846,89","R$ 72,54",92,,0
63137055d2449664b675febb,235,IBCR11,Títulos e Val. Mob.,"R$ 89,92",634,"R$ 1,25","1,38%","4,12%","8,41%","0,00%","1,37%","1,40%","0,00%","-2,58%","-1,23%","2,95%",,"R$ 93.170.093,40","R$ 97,21",92,,0
63137055d2449664b675febc,236,RBRY11,Títulos e Val. Mob.,"R$ 104,29",11547,"R$ 1,35","1,33%","3,94%","7,46%","13,52%","1,31%","1,24%","1,13%","0,18%","1,51%","3,43%",,"R$ 401.515.245,72","R$ 102,43",102,,0
63137055d2449664b675febd,237,RBRF11,Títulos e Val. Mob.,"R$ 75,23",17763,"R$ 0,60","0,85%","2,71%","5,18%","10,03%","0,90%","0,86%","0,84%","3,11%","3,99%","3,68%",,"R$ 1.149.405.774,49","R$ 84,02",90,,0
63137055d2449664b675febe,238,IRIM11,Híbrido,"R$ 104,97",975,"R$ 1,65","1,61%","4,54%","8,60%","0,00%","1,51%","1,43%","0,00%","-1,01%","0,59%","1,58%",,"R$ 130.503.385,72","R$ 100,39",105,,0
63137055d2449664b675febf,239,IRDM11,Títulos e Val. Mob.,"R$ 101,56",45912,"R$ 1,33","1,30%","3,81%","7,19%","13,74%","1,27%","1,20%","1,15%","-2,98%","-1,72%","0,45%",,"R$ 3.149.582.133,20","R$ 95,31",107,,0
63137055d2449664b675fec0,240,GAME11,Híbrido,"R$ 9,69",24572,"R$ 0,13","1,32%","4,31%","8,00%","0,00%","1,44%","1,33%","0,00%","-1,00%","0,30%","-1,39%",,"R$ 198.983.105,99","R$ 9,66",100,,0
63137055d2449664b675fec1,241,MGHT11,Hotel,"R$ 74,07",717,"R$ 0,80","1,23%","3,68%","6,60%","11,49%","1,23%","1,10%","0,96%","1,31%","2,56%","-20,55%",,"R$ 113.860.987,10","R$ 86,67",85,,0
63137055d2449664b675fec2,242,VGIA11,Títulos e Val. Mob.,"R$ 10,20",198196,"R$ 0,17","1,64%","4,58%","8,71%","0,00%","1,53%","1,45%","0,00%","2,78%","4,47%","7,76%",,"R$ 95.747.517,22","R$ 9,51",107,,0
63137055d2449664b675fec3,243,VGIP11,Outros,"R$ 90,99",35905,"R$ 1,00","1,07%","4,26%","8,34%","16,25%","1,42%","1,39%","1,35%","-5,63%","-4,62%","1,48%",,"R$ 1.076.770.309,25","R$ 91,35",100,,0
63137055d2449664b675fec4,244,VGIR11,Títulos e Val. Mob.,"R$ 100,40",30444,"R$ 1,30","1,28%","3,78%","7,35%","12,23%","1,26%","1,23%","1,02%","1,52%","2,82%","8,34%",,"R$ 729.972.953,61","R$ 96,42",104,,0
63137055d2449664b675fec5,245,MCHF11,Títulos e Val. Mob.,"R$ 9,56",112670,"R$ 0,12","1,26%","3,68%","6,95%","0,00%","1,23%","1,16%","0,00%","0,74%","2,01%","1,70%",,"R$ 312.636.898,43","R$ 9,68",99,,0
63137055d2449664b675fec6,246,MCCI11,Títulos e Val. Mob.,"R$ 96,14",39664,"R$ 1,10","1,13%","3,37%","6,36%","12,25%","1,12%","1,06%","1,02%","-1,02%","0,10%","3,03%",,"R$ 1.411.454.086,46","R$ 96,71",99,,0
63137055d2449664b675fec7,247,CPTS11,Títulos e Val. Mob.,"R$ 89,79",45536,"R$ 1,10","1,23%","3,63%","7,07%","13,39%","1,21%","1,18%","1,12%","-1,53%","-0,32%","-0,08%",,"R$ 2.612.266.966,14","R$ 93,39",96,,0
63137055d2449664b675fec8,248,GCRI11,Títulos e Val. Mob.,"R$ 95,27",471,"R$ 1,25","1,31%","4,25%","8,67%","15,50%","1,42%","1,45%","1,29%","-1,94%","-0,66%","6,78%",,"R$ 98.377.736,44","R$ 98,35",97,,0
63137055d2449664b675fec9,249,GCFF11,Títulos e Val. Mob.,"R$ 72,99",565,"R$ 0,76","1,06%","3,23%","6,29%","11,81%","1,08%","1,05%","0,98%","2,74%","3,83%","-4,31%",,"R$ 30.096.700,62","R$ 88,89",82,,0
63137055d2449664b675feca,250,MORE11,Títulos e Val. Mob.,"R$ 72,15",8643,"R$ 0,65","0,94%","3,30%","6,25%","11,57%","1,10%","1,04%","0,96%","6,80%","7,80%","-2,33%",,"R$ 202.952.841,10","R$ 87,51",82,,0
63137055d2449664b675fecb,251,MGCR11,Títulos e Val. Mob.,"R$ 91,33",1199,"R$ 1,35","1,57%","4,35%","7,99%","14,12%","1,45%","1,33%","1,18%","0,30%","1,88%","6,84%",,"R$ 135.199.801,61","R$ 95,06",96,,0
63137055d2449664b675fecc,252,NAVT11,Títulos e Val. Mob.,"R$ 77,23",1791,"R$ 0,85","1,15%","3,50%","6,84%","11,97%","1,17%","1,14%","1,00%","2,37%","3,56%","9,56%",,"R$ 95.026.051,40","R$ 90,11",86,,0
63137055d2449664b675fecd,253,BLCP11,Outros,"R$ 88,96",745,"R$ 0,52","0,61%","1,76%","3,55%","6,62%","0,59%","0,59%","0,55%","-0,05%","0,56%","10,73%",,"R$ 225.875.176,13","R$ 98,37",90,"6,20%",2
63137055d2449664b675fece,254,AFHI11,Títulos e Val. Mob.,"R$ 99,80",5983,"R$ 1,30","1,31%","4,08%","8,01%","15,22%","1,36%","1,34%","1,27%","-0,32%","0,98%","6,69%",,"R$ 173.824.946,40","R$ 97,24",103,,0
63137055d2449664b675fecf,255,OUFF11,Títulos e Val. Mob.,"R$ 65,58",16750,"R$ 0,75","1,15%","3,47%","6,65%","12,32%","1,16%","1,11%","1,03%","2,54%","3,72%","7,68%",,"R$ 139.833.493,16","R$ 77,07",85,,0
63137055d2449664b675fed0,256,OURE11,Títulos e Val. Mob.,"R$ 80,99",1648,"R$ 1,15","1,42%","4,22%","7,47%","14,42%","1,41%","1,25%","1,20%","0,27%","1,70%","1,91%",,"R$ 99.254.299,76","R$ 92,15",88,,0
63137055d2449664b675fed1,257,CORM11,Híbrido,"R$ 81,00",412,"R$ 0,77","0,90%","2,76%","5,35%","11,38%","0,92%","0,89%","0,95%","-2,97%","-2,10%","-4,27%",,"R$ 92.123.992,72","R$ 90,56",89,,0
63137055d2449664b675fed2,258,TRNT11,Lajes Corporativas,"R$ 119,95",1,"R$ 0,30","0,26%","1,07%","2,18%","4,21%","0,36%","0,36%","0,35%","2,69%","2,96%","8,43%",,"R$ 796.883.036,16","R$ 202,48",59,"49,90%",1
63137055d2449664b675fed3,259,BRLA11,Híbrido,"R$ 137,62",1,"R$ 1,09","0,79%","1,50%","3,62%","6,30%","0,50%","0,60%","0,52%","0,00%","0,79%","4,36%",,"R$ 343.097.427,78","R$ 158,19",87,,0
63137055d2449664b675fed4,260,ARCT11,Híbrido,"R$ 100,52",8829,"R$ 1,02","1,00%","3,79%","8,74%","16,82%","1,26%","1,46%","1,40%","-4,84%","-3,89%","3,29%",,"R$ 288.419.391,70","R$ 100,20",100,,4
63137055d2449664b675fed5,261,RZAK11,Títulos e Val. Mob.,"R$ 98,98",14971,"R$ 1,50","1,52%","5,03%","9,47%","16,17%","1,68%","1,58%","1,35%","0,23%","1,75%","15,59%",,"R$ 282.821.145,09","R$ 94,22",105,,0
63137055d2449664b675fed6,262,AFOF11,Títulos e Val. Mob.,"R$ 90,30",1708,"R$ 1,06","1,21%","3,59%","7,00%","12,92%","1,20%","1,17%","1,08%","-1,47%","-0,28%","4,74%",,"R$ 67.881.547,92","R$ 98,21",92,,0
63137055d2449664b675fed7,263,BLMC11,Outros,"R$ 84,91",138,"R$ 1,17","1,37%","3,98%","7,52%","13,98%","1,33%","1,25%","1,16%","-1,71%","-0,37%","-5,14%",,"R$ 39.210.716,39","R$ 98,15",87,,0
63137055d2449664b675fed8,264,RECX11,Outros,"R$ 75,00",87,"R$ 0,80","1,12%","2,91%","5,81%","11,88%","0,97%","0,97%","0,99%","-8,11%","-7,08%","-19,38%",,"R$ 18.909.897,31","R$ 86,62",87,,0
63137055d2449664b675fed9,265,SNFF11,Títulos e Val. Mob.,"R$ 87,00",7102,"R$ 0,65","0,71%","2,94%","5,25%","9,65%","0,98%","0,88%","0,80%","3,41%","4,14%","10,93%",,"R$ 228.274.891,17","R$ 91,31",95,,0
63137055d2449664b675feda,266,SNCI11,Títulos e Val. Mob.,"R$ 100,58",15009,"R$ 1,25","1,23%","3,82%","7,78%","0,00%","1,27%","1,30%","0,00%","-2,08%","-0,88%","6,80%",,"R$ 252.128.060,08","R$ 100,85",100,,0
63137055d2449664b675fedb,267,MATV11,Títulos e Val. Mob.,"R$ 95,99",177,"R$ 1,10","1,13%","3,80%","7,58%","0,00%","1,27%","1,26%","0,00%","-2,67%","-1,57%","7,94%",,"R$ 33.257.502,10","R$ 95,77",100,,0
63137055d2449664b675fedc,268,BTLG11,Logística,"R$ 102,57",48817,"R$ 0,74","0,73%","2,27%","4,37%","8,50%","0,76%","0,73%","0,71%","3,89%","4,64%","4,61%",,"R$ 1.504.876.179,16","R$ 98,82",104,,16
63137055d2449664b675fedd,269,MCHY11,Títulos e Val. Mob.,"R$ 107,60",11,"R$ 1,40","1,29%","3,82%","7,51%","13,12%","1,27%","1,25%","1,09%","1,06%","2,36%","6,97%",,"R$ 378.460.842,38","R$ 105,43",102,,0
63137055d2449664b675fede,270,BTAL11,Outros,"R$ 100,00",7808,"R$ 0,83","0,87%","2,59%","5,11%","10,20%","0,86%","0,85%","0,85%","3,12%","4,01%","8,01%",,"R$ 640.913.930,58","R$ 107,13",93,,7
63137055d2449664b675fedf,271,MORC11,Títulos e Val. Mob.,"R$ 95,34",1289,"R$ 1,30","1,36%","4,29%","8,71%","0,00%","1,43%","1,45%","0,00%","-2,39%","-1,07%","5,67%",,"R$ 78.429.486,55","R$ 100,56",95,,0
63137055d2449664b675fee0,272,CCRF11,Títulos e Val. Mob.,"R$ 95,50",49,"R$ 1,10","1,11%","3,77%","7,30%","0,00%","1,26%","1,22%","0,00%","-0,02%","1,09%","7,97%",,"R$ 159.364.709,06","R$ 101,38",94,,0
63137055d2449664b675fee1,273,EQIR11,Títulos e Val. Mob.,"R$ 98,54",10,"R$ 1,10","1,15%","3,52%","6,80%","0,00%","1,17%","1,13%","0,00%","-1,00%","0,13%","5,94%",,"R$ 50.869.350,45","R$ 101,23",97,,0
63137055d2449664b675fee2,274,ERCR11,Híbrido,"R$ 76.000,00",1,"R$ 783,96","0,00%","0,00%","0,00%","0,00%","0,00%","0,00%","0,00%","0,00%","0,00%","0,00%",,"R$ 166.082.499,49","R$ 69.900,04",109,,0
63137055d2449664b675fee3,275,XPML11,Shoppings,"R$ 104,00",35287,"R$ 0,70","0,68%","2,12%","4,19%","7,96%","0,71%","0,70%","0,66%","10,98%","11,73%","15,63%",,"R$ 1.853.519.855,76","R$ 99,22",105,"3,90%",16
63137055d2449664b675fee4,276,FCFL11,Outros,"R$ 122,41",770,"R$ 0,87","0,74%","2,21%","4,37%","8,67%","0,74%","0,73%","0,72%","4,99%","5,76%","9,03%",,"R$ 363.962.873,44","R$ 104,77",117,"0,00%",1
63137055d2449664b675fee5,277,ALZR11,Logística,"R$ 117,49",10856,"R$ 0,78","0,67%","2,04%","4,06%","7,68%","0,68%","0,68%","0,64%","3,33%","4,02%","5,71%",,"R$ 642.298.148,70","R$ 108,46",108,"0,00%",15
63137055d2449664b675fee6,278,FLRP11,Shoppings,"R$ 1.580,00",9,"R$ 10,00","0,63%","2,33%","4,70%","8,08%","0,78%","0,78%","0,67%","5,48%","6,14%","38,89%",,"R$ 112.693.577,60","R$ 1.727,58",91,"2,01%",1
63137055d2449664b675fee7,279,CNES11,Lajes Corporativas,"R$ 35,80",57,"R$ 0,10","0,26%","0,83%","1,49%","3,62%","0,28%","0,25%","0,30%","9,28%","9,57%","9,97%",,"R$ 257.461.125,79","R$ 87,30",41,"56,70%",1
63137055d2449664b675fee8,280,BTRA11,Outros,"R$ 86,97",6357,"R$ 0,70","0,74%","2,46%","5,21%","10,20%","0,82%","0,87%","0,85%","17,36%","18,23%","2,45%",,"R$ 348.490.615,97","R$ 103,58",84,,0
63137055d2449664b675fee9,281,EDGA11,Lajes Corporativas,"R$ 20,19",3553,"R$ 0,09","0,47%","2,12%","4,51%","7,21%","0,71%","0,75%","0,60%","8,99%","9,50%","-4,41%",,"R$ 252.351.519,37","R$ 66,20",30,"48,81%",1
63137055d2449664b675feea,282,LASC11,Shoppings,"R$ 92,00",12,"R$ 0,36","0,39%","1,46%","3,26%","6,79%","0,49%","0,54%","0,57%","0,00%","0,39%","6,89%",,"R$ 282.238.377,82","R$ 112,08",82,"2,40%",3